LOCATION_ID;ITEM_ID;UNITS_ALLOCATED;VOLUME_UTILIZATION_%
001-001;ITEM_4244;72;99.52
002-001;ITEM_4244;72;99.52
003-001;ITEM_4244;72;99.52
004-001;ITEM_4244;72;99.52
005-001;ITEM_4244;10;13.82
006-001;ITEM_8014;2;77.16
007-001;ITEM_8014;2;77.16
008-001;ITEM_8014;2;77.16
009-001;ITEM_8014;2;77.16
010-001;ITEM_8014;2;77.16
011-001;ITEM_8014;2;77.16
012-001;ITEM_8014;2;77.16
013-001;ITEM_8014;2;77.16
014-001;ITEM_8014;2;77.16
015-001;ITEM_8014;2;77.16
016-001;ITEM_8014;2;77.16
017-001;ITEM_8014;2;77.16
018-001;ITEM_8014;2;77.16
019-001;ITEM_8014;2;77.16
020-001;ITEM_8014;2;77.16
021-001;ITEM_8014;2;77.16
022-001;ITEM_8014;2;77.16
023-001;ITEM_8014;2;77.16
024-001;ITEM_8014;2;77.16
025-001;ITEM_8014;2;77.16
026-001;ITEM_8014;2;77.16
027-001;ITEM_8014;2;77.16
028-001;ITEM_8014;2;77.16
029-001;ITEM_8014;2;77.16
030-001;ITEM_8014;2;77.16
031-001;ITEM_8014;2;77.16
032-001;ITEM_8014;2;77.16
033-001;ITEM_8014;2;77.16
034-001;ITEM_8014;2;77.16
035-001;ITEM_8014;2;77.16
036-001;ITEM_8014;2;77.16
037-001;ITEM_8014;2;77.16
038-001;ITEM_8014;2;77.16
039-001;ITEM_8014;2;77.16
040-001;ITEM_8014;2;77.16
041-001;ITEM_8014;2;77.16
042-001;ITEM_8014;2;77.16
043-001;ITEM_8014;2;77.16
044-001;ITEM_8014;2;77.16
045-001;ITEM_8014;2;77.16
046-001;ITEM_8014;2;77.16
047-001;ITEM_8014;2;77.16
048-001;ITEM_8014;2;77.16
049-001;ITEM_8014;2;77.16
050-001;ITEM_8014;2;77.16
051-001;ITEM_8014;2;77.16
052-001;ITEM_8014;2;77.16
053-001;ITEM_8014;2;77.16
054-001;ITEM_8014;2;77.16
055-001;ITEM_8014;2;77.16
056-001;ITEM_8014;2;77.16
057-001;ITEM_8014;2;77.16
058-001;ITEM_8014;2;77.16
059-001;ITEM_8014;2;77.16
060-001;ITEM_8014;2;77.16
061-001;ITEM_8014;2;77.16
062-001;ITEM_8014;2;77.16
063-001;ITEM_8014;2;77.16
064-001;ITEM_8014;2;77.16
065-001;ITEM_8014;2;77.16
066-001;ITEM_8014;2;77.16
067-001;ITEM_8014;2;77.16
068-001;ITEM_8014;2;77.16
069-001;ITEM_8014;2;77.16
070-001;ITEM_8014;2;77.16
071-001;ITEM_8014;2;77.16
072-001;ITEM_8014;2;77.16
073-001;ITEM_8014;2;77.16
074-001;ITEM_8014;2;77.16
075-001;ITEM_8014;2;77.16
076-001;ITEM_8014;2;77.16
077-001;ITEM_8014;2;77.16
078-001;ITEM_8014;2;77.16
079-001;ITEM_8014;2;77.16
080-001;ITEM_8014;2;77.16
081-001;ITEM_8014;2;77.16
082-001;ITEM_8014;2;77.16
083-001;ITEM_8014;2;77.16
084-001;ITEM_8014;2;77.16
085-001;ITEM_8014;2;77.16
086-001;ITEM_8014;2;77.16
087-001;ITEM_8014;2;77.16
088-001;ITEM_8014;2;77.16
089-001;ITEM_8014;2;77.16
090-001;ITEM_8014;2;77.16
091-001;ITEM_8014;2;77.16
092-001;ITEM_8014;2;77.16
093-001;ITEM_7070;29;97.54
094-001;ITEM_7070;29;97.54
095-001;ITEM_7070;29;97.54
096-001;ITEM_7070;29;97.54
097-001;ITEM_7070;29;97.54
098-001;ITEM_7070;29;97.54
099-001;ITEM_7070;29;97.54
100-001;ITEM_7070;29;97.54
101-001;ITEM_7070;29;97.54
102-001;ITEM_7070;29;97.54
103-001;ITEM_7070;29;97.54
104-001;ITEM_7070;29;97.54
105-001;ITEM_7070;29;97.54
106-001;ITEM_7070;29;97.54
107-001;ITEM_7070;29;97.54
108-001;ITEM_7070;14;47.09
109-001;ITEM_1551;15;95.3
110-001;ITEM_1551;15;95.3
111-001;ITEM_1551;15;95.3
112-001;ITEM_1551;15;95.3
113-001;ITEM_1551;15;95.3
114-001;ITEM_1551;15;95.3
115-001;ITEM_1551;15;95.3
116-001;ITEM_1551;15;95.3
117-001;ITEM_1551;15;95.3
118-001;ITEM_1551;9;57.18
119-001;ITEM_8947;9;99.64
120-001;ITEM_8947;9;99.64
121-001;ITEM_8947;9;99.64
122-001;ITEM_8947;9;99.64
123-001;ITEM_8947;9;99.64
124-001;ITEM_8947;9;99.64
125-001;ITEM_8947;9;99.64
126-001;ITEM_8947;9;99.64
127-001;ITEM_8947;9;99.64
128-001;ITEM_8947;9;99.64
129-001;ITEM_8947;9;99.64
130-001;ITEM_8947;9;99.64
131-001;ITEM_8947;9;99.64
132-001;ITEM_8947;9;99.64
133-001;ITEM_8947;9;99.64
134-001;ITEM_8947;9;99.64
135-001;ITEM_8947;9;99.64
136-001;ITEM_8947;9;99.64
137-001;ITEM_8947;9;99.64
138-001;ITEM_8947;9;99.64
139-001;ITEM_8947;9;99.64
140-001;ITEM_8947;9;99.64
141-001;ITEM_8947;9;99.64
142-001;ITEM_8947;9;99.64
143-001;ITEM_8947;9;99.64
144-001;ITEM_5202;47;99.31
145-001;ITEM_5202;47;99.31
146-001;ITEM_5202;47;99.31
147-001;ITEM_5202;47;99.31
148-001;ITEM_5202;47;99.31
149-001;ITEM_5202;22;46.49
150-001;ITEM_8347;1;61.6
151-001;ITEM_8347;1;61.6
152-001;ITEM_8347;1;61.6
153-001;ITEM_8347;1;61.6
154-001;ITEM_8347;1;61.6
155-001;ITEM_8347;1;61.6
156-001;ITEM_8347;1;61.6
157-001;ITEM_8347;1;61.6
158-001;ITEM_8347;1;61.6
159-001;ITEM_8347;1;61.6
160-001;ITEM_8347;1;61.6
161-001;ITEM_8347;1;61.6
162-001;ITEM_8347;1;61.6
163-001;ITEM_8347;1;61.6
164-001;ITEM_8347;1;61.6
165-001;ITEM_8347;1;61.6
166-001;ITEM_8347;1;61.6
167-001;ITEM_8347;1;61.6
168-001;ITEM_8347;1;61.6
169-001;ITEM_8347;1;61.6
170-001;ITEM_8347;1;61.6
171-001;ITEM_8347;1;61.6
172-001;ITEM_8347;1;61.6
173-001;ITEM_8347;1;61.6
174-001;ITEM_8347;1;61.6
175-001;ITEM_8347;1;61.6
176-001;ITEM_8347;1;61.6
177-001;ITEM_8347;1;61.6
178-001;ITEM_8347;1;61.6
179-001;ITEM_8347;1;61.6
180-001;ITEM_8347;1;61.6
181-001;ITEM_8347;1;61.6
182-001;ITEM_8347;1;61.6
183-001;ITEM_8347;1;61.6
184-001;ITEM_8347;1;61.6
185-001;ITEM_8347;1;61.6
186-001;ITEM_8347;1;61.6
187-001;ITEM_8347;1;61.6
188-001;ITEM_8347;1;61.6
189-001;ITEM_8347;1;61.6
190-001;ITEM_8347;1;61.6
191-001;ITEM_8347;1;61.6
192-001;ITEM_8347;1;61.6
193-001;ITEM_8347;1;61.6
194-001;ITEM_8347;1;61.6
195-001;ITEM_8347;1;61.6
196-001;ITEM_8347;1;61.6
197-001;ITEM_8347;1;61.6
198-001;ITEM_8347;1;61.6
199-001;ITEM_8347;1;61.6
200-001;ITEM_8347;1;61.6
201-001;ITEM_8347;1;61.6
202-001;ITEM_8347;1;61.6
203-001;ITEM_8347;1;61.6
204-001;ITEM_8347;1;61.6
205-001;ITEM_8347;1;61.6
206-001;ITEM_8347;1;61.6
207-001;ITEM_8347;1;61.6
208-001;ITEM_8347;1;61.6
209-001;ITEM_8347;1;61.6
210-001;ITEM_8347;1;61.6
211-001;ITEM_8347;1;61.6
212-001;ITEM_8347;1;61.6
213-001;ITEM_8347;1;61.6
214-001;ITEM_8347;1;61.6
215-001;ITEM_8347;1;61.6
216-001;ITEM_8347;1;61.6
217-001;ITEM_8347;1;61.6
218-001;ITEM_8347;1;61.6
219-001;ITEM_8347;1;61.6
220-001;ITEM_8347;1;61.6
221-001;ITEM_8347;1;61.6
222-001;ITEM_8347;1;61.6
223-001;ITEM_8347;1;61.6
224-001;ITEM_8347;1;61.6
225-001;ITEM_8347;1;61.6
226-001;ITEM_8347;1;61.6
227-001;ITEM_8347;1;61.6
228-001;ITEM_8347;1;61.6
229-001;ITEM_8347;1;61.6
230-001;ITEM_8347;1;61.6
231-001;ITEM_8347;1;61.6
232-001;ITEM_8347;1;61.6
233-001;ITEM_8347;1;61.6
234-001;ITEM_8347;1;61.6
235-001;ITEM_8347;1;61.6
236-001;ITEM_8347;1;61.6
237-001;ITEM_8347;1;61.6
238-001;ITEM_8347;1;61.6
239-001;ITEM_8347;1;61.6
240-001;ITEM_8347;1;61.6
241-001;ITEM_8347;1;61.6
242-001;ITEM_8347;1;61.6
243-001;ITEM_8347;1;61.6
244-001;ITEM_8347;1;61.6
245-001;ITEM_8347;1;61.6
246-001;ITEM_8347;1;61.6
247-001;ITEM_8347;1;61.6
248-001;ITEM_8347;1;61.6
249-001;ITEM_8347;1;61.6
250-001;ITEM_8347;1;61.6
251-001;ITEM_8347;1;61.6
252-001;ITEM_8347;1;61.6
253-001;ITEM_8347;1;61.6
254-001;ITEM_8347;1;61.6
255-001;ITEM_8347;1;61.6
256-001;ITEM_8347;1;61.6
257-001;ITEM_8347;1;61.6
258-001;ITEM_8347;1;61.6
259-001;ITEM_8347;1;61.6
260-001;ITEM_8347;1;61.6
261-001;ITEM_8347;1;61.6
262-001;ITEM_8347;1;61.6
263-001;ITEM_8347;1;61.6
264-001;ITEM_8347;1;61.6
265-001;ITEM_8347;1;61.6
266-001;ITEM_8347;1;61.6
267-001;ITEM_8347;1;61.6
268-001;ITEM_8347;1;61.6
269-001;ITEM_8347;1;61.6
270-001;ITEM_8347;1;61.6
271-001;ITEM_8347;1;61.6
272-001;ITEM_8347;1;61.6
273-001;ITEM_8347;1;61.6
274-001;ITEM_8347;1;61.6
275-001;ITEM_8347;1;61.6
276-001;ITEM_8347;1;61.6
277-001;ITEM_8347;1;61.6
278-001;ITEM_8347;1;61.6
279-001;ITEM_8347;1;61.6
280-001;ITEM_8347;1;61.6
281-001;ITEM_8347;1;61.6
282-001;ITEM_8347;1;61.6
283-001;ITEM_8347;1;61.6
284-001;ITEM_8347;1;61.6
285-001;ITEM_8347;1;61.6
286-001;ITEM_8347;1;61.6
287-001;ITEM_8347;1;61.6
288-001;ITEM_8347;1;61.6
289-001;ITEM_8347;1;61.6
290-001;ITEM_8347;1;61.6
291-001;ITEM_8347;1;61.6
292-001;ITEM_8347;1;61.6
293-001;ITEM_8347;1;61.6
294-001;ITEM_8347;1;61.6
295-001;ITEM_8347;1;61.6
296-001;ITEM_8347;1;61.6
297-001;ITEM_8347;1;61.6
298-001;ITEM_8347;1;61.6
299-001;ITEM_8347;1;61.6
300-001;ITEM_8347;1;61.6
301-001;ITEM_8347;1;61.6
302-001;ITEM_8347;1;61.6
303-001;ITEM_8347;1;61.6
304-001;ITEM_8347;1;61.6
305-001;ITEM_8347;1;61.6
306-001;ITEM_8347;1;61.6
307-001;ITEM_8347;1;61.6
308-001;ITEM_8347;1;61.6
309-001;ITEM_8347;1;61.6
310-001;ITEM_8347;1;61.6
311-001;ITEM_8347;1;61.6
312-001;ITEM_8347;1;61.6
313-001;ITEM_8347;1;61.6
314-001;ITEM_8347;1;61.6
315-001;ITEM_8347;1;61.6
316-001;ITEM_8347;1;61.6
317-001;ITEM_8347;1;61.6
318-001;ITEM_8347;1;61.6
319-001;ITEM_8347;1;61.6
320-001;ITEM_8347;1;61.6
321-001;ITEM_8347;1;61.6
322-001;ITEM_8347;1;61.6
323-001;ITEM_8347;1;61.6
324-001;ITEM_8347;1;61.6
325-001;ITEM_8347;1;61.6
326-001;ITEM_8347;1;61.6
327-001;ITEM_8347;1;61.6
328-001;ITEM_8347;1;61.6
329-001;ITEM_9657;105;0.55
330-001;ITEM_7193;16;94.8
331-001;ITEM_7193;16;94.8
332-001;ITEM_7193;10;59.25
333-001;ITEM_3435;15;97.53
334-001;ITEM_3435;15;97.53
335-001;ITEM_3435;15;97.53
336-001;ITEM_3435;15;97.53
337-001;ITEM_3435;15;97.53
338-001;ITEM_3435;15;97.53
339-001;ITEM_3435;15;97.53
340-001;ITEM_3435;15;97.53
341-001;ITEM_3435;15;97.53
342-001;ITEM_3435;15;97.53
343-001;ITEM_3435;15;97.53
344-001;ITEM_3435;15;97.53
345-001;ITEM_3435;15;97.53
346-001;ITEM_3435;15;97.53
347-001;ITEM_3435;15;97.53
348-001;ITEM_3435;15;97.53
349-001;ITEM_3435;15;97.53
350-001;ITEM_3435;15;97.53
351-001;ITEM_3435;15;97.53
352-001;ITEM_3435;15;97.53
353-001;ITEM_3435;15;97.53
354-001;ITEM_3435;15;97.53
355-001;ITEM_3435;15;97.53
356-001;ITEM_3435;15;97.53
357-001;ITEM_3435;9;58.52
